<assembly>
    <id>aws-lambda-package</id>
    <formats>
        <format>zip</format>
    </formats>
    <includeBaseDirectory>false</includeBaseDirectory>
    <fileSets>
        <fileSet>
            <directory>${project.build.directory}${file.separator}lib</directory>
            <outputDirectory>lib</outputDirectory>
            <useDefaultExcludes>true</useDefaultExcludes>
        </fileSet>
    </fileSets>
    <files>
        <file>
            <source>${project.build.directory}${file.separator}adam-data-processor-${project.version}.jar</source>
            <outputDirectory>lib</outputDirectory>
        </file>
    </files>
</assembly>